{
  "mu_you_on_you": -2.483001322477215,
  "mu_gpt_on_gpt": -2.819006858966817
}