{
  "mu_you_on_you": -2.8518739334427474,
  "mu_gpt_on_gpt": -2.881162440577953
}