{
  "mu_you_on_you": -2.6687477441421827,
  "mu_gpt_on_gpt": -3.0082252969294507
}